{"cameraMode":{"drawMode":0,"name":"Shaded","section":"Shading Mode"},"sceneLighting":false,"audioPlay":false,"sceneViewState":{"showFog":true,"showMaterialUpdate":false,"showSkybox":false,"showFlares":true,"showImageEffects":true,"showParticleSystems":true},"in2DMode":false,"pivot":{"x":1.012565016746521,"y":1.9851746559143067,"z":0.685072660446167},"rotation":{"x":-0.1808086782693863,"y":0.37338951230049136,"z":-0.0744449719786644,"w":-0.9068458676338196},"size":5.624804973602295,"orthographic":true}