{"cameraMode":{"drawMode":0,"name":"Shaded","section":"Shading Mode"},"sceneLighting":false,"audioPlay":false,"sceneViewState":{"showFog":true,"showMaterialUpdate":false,"showSkybox":false,"showFlares":true,"showImageEffects":true,"showParticleSystems":true},"in2DMode":false,"pivot":{"x":16.521228790283204,"y":-0.7504982948303223,"z":-21.657922744750978},"rotation":{"x":0.07137859612703324,"y":-0.928617000579834,"z":0.25581273436546328,"w":0.2591095566749573},"size":3.9579918384552,"orthographic":false}