{"cameraMode":{"drawMode":0,"name":"Shaded","section":"Shading Mode"},"sceneLighting":false,"audioPlay":false,"sceneViewState":{"showFog":true,"showMaterialUpdate":false,"showSkybox":false,"showFlares":true,"showImageEffects":true,"showParticleSystems":true},"in2DMode":false,"pivot":{"x":0.8976200819015503,"y":1.1716976165771485,"z":-0.15279079973697663},"rotation":{"x":-0.24934187531471253,"y":0.577354371547699,"z":-0.19100965559482575,"w":-0.75367671251297},"size":3.6034724712371828,"orthographic":true}