{"cameraMode":{"drawMode":0,"name":"Shaded","section":"Shading Mode"},"sceneLighting":false,"audioPlay":false,"sceneViewState":{"showFog":false,"showMaterialUpdate":false,"showSkybox":false,"showFlares":false,"showImageEffects":false,"showParticleSystems":false},"in2DMode":false,"pivot":{"x":-0.07742786407470703,"y":7.3712921142578129,"z":-0.30755770206451418},"rotation":{"x":0.14264759421348573,"y":-0.7383208870887756,"z":0.16502299904823304,"w":0.6382061839103699},"size":24.618196487426759,"orthographic":false}