{"cameraMode":{"drawMode":0,"name":"Shaded","section":"Shading Mode"},"sceneLighting":false,"audioPlay":false,"sceneViewState":{"showFog":false,"showMaterialUpdate":false,"showSkybox":false,"showFlares":false,"showImageEffects":false,"showParticleSystems":false},"in2DMode":false,"pivot":{"x":0.3207278847694397,"y":-0.510067880153656,"z":0.8727072477340698},"rotation":{"x":0.09038794785737992,"y":0.6355727314949036,"z":-0.07527529448270798,"w":0.7630573511123657},"size":6.456608772277832,"orthographic":true}