{"cameraMode":{"drawMode":0,"name":"Shaded","section":"Shading Mode"},"sceneLighting":false,"audioPlay":false,"sceneViewState":{"showFog":false,"showMaterialUpdate":false,"showSkybox":false,"showFlares":false,"showImageEffects":false,"showParticleSystems":false},"in2DMode":false,"pivot":{"x":0.2803001403808594,"y":1.131073236465454,"z":0.6169824600219727},"rotation":{"x":0.14264759421348573,"y":-0.7383208870887756,"z":0.16502299904823304,"w":0.6382061839103699},"size":5.857883453369141,"orthographic":false}