{"cameraMode":{"drawMode":0,"name":"Shaded","section":"Shading Mode"},"sceneLighting":false,"audioPlay":false,"sceneViewState":{"showFog":false,"showMaterialUpdate":false,"showSkybox":false,"showFlares":false,"showImageEffects":false,"showParticleSystems":false},"in2DMode":false,"pivot":{"x":-0.3056519031524658,"y":0.7832657694816589,"z":-0.5817217230796814},"rotation":{"x":0.18934330344200135,"y":0.5043926239013672,"z":-0.11469316482543946,"w":0.8346710801124573},"size":7.504638671875,"orthographic":false}