{"cameraMode":{"drawMode":0,"name":"Shaded","section":"Shading Mode"},"sceneLighting":false,"audioPlay":false,"sceneViewState":{"showFog":true,"showMaterialUpdate":false,"showSkybox":false,"showFlares":true,"showImageEffects":true,"showParticleSystems":true},"in2DMode":false,"pivot":{"x":0.6085705757141113,"y":2.20395565032959,"z":-0.06667184829711914},"rotation":{"x":0.17745132744312287,"y":-0.7673230171203613,"z":0.23988567292690278,"w":0.5676148533821106},"size":14.473962783813477,"orthographic":true}