{"cameraMode":{"drawMode":0,"name":"Shaded","section":"Shading Mode"},"sceneLighting":false,"audioPlay":false,"sceneViewState":{"showFog":true,"showMaterialUpdate":false,"showSkybox":false,"showFlares":true,"showImageEffects":true,"showParticleSystems":true},"in2DMode":false,"pivot":{"x":0.6085705757141113,"y":2.20395565032959,"z":-0.06667184829711914},"rotation":{"x":0.08749289065599442,"y":-0.8887535929679871,"z":0.19082532823085786,"w":0.40749186277389529},"size":14.473962783813477,"orthographic":true}