{"cameraMode":{"drawMode":0,"name":"Shaded","section":"Shading Mode"},"sceneLighting":false,"audioPlay":false,"sceneViewState":{"showFog":false,"showMaterialUpdate":false,"showSkybox":false,"showFlares":false,"showImageEffects":false,"showParticleSystems":false},"in2DMode":false,"pivot":{"x":-0.001250341534614563,"y":0.34160155057907107,"z":0.014361687004566193},"rotation":{"x":0.04801804944872856,"y":-0.9433087706565857,"z":0.28869524598121645,"w":0.15678803622722627},"size":0.66157066822052,"orthographic":false}