{"cameraMode":{"drawMode":0,"name":"Shaded","section":"Shading Mode"},"sceneLighting":false,"audioPlay":false,"sceneViewState":{"showFog":false,"showMaterialUpdate":false,"showSkybox":false,"showFlares":false,"showImageEffects":false,"showParticleSystems":false},"in2DMode":false,"pivot":{"x":-0.7060661911964417,"y":-0.8070520758628845,"z":-1.703752875328064},"rotation":{"x":0.04679396003484726,"y":-0.9525254368782044,"z":0.19348129630088807,"w":0.23037086427211762},"size":2.745234251022339,"orthographic":false}