{"cameraMode":{"drawMode":0,"name":"Shaded","section":"Shading Mode"},"sceneLighting":true,"audioPlay":false,"sceneViewState":{"showFog":false,"showMaterialUpdate":false,"showSkybox":false,"showFlares":false,"showImageEffects":false,"showParticleSystems":false},"in2DMode":false,"pivot":{"x":16.710227966308595,"y":-1.0414314270019532,"z":0.5340843200683594},"rotation":{"x":0.3382857143878937,"y":-0.42876386642456057,"z":0.17713281512260438,"w":0.818763017654419},"size":42.30158996582031,"orthographic":false}