{"cameraMode":{"drawMode":0,"name":"Shaded","section":"Shading Mode"},"sceneLighting":true,"audioPlay":false,"sceneViewState":{"showFog":false,"showMaterialUpdate":false,"showSkybox":false,"showFlares":false,"showImageEffects":false,"showParticleSystems":false},"in2DMode":false,"pivot":{"x":32.223331451416019,"y":0.0,"z":-10.297658920288086},"rotation":{"x":0.28111332654953005,"y":-0.4518550932407379,"z":0.15245313942432404,"w":0.8328419923782349},"size":16.240320205688478,"orthographic":false}