{"cameraMode":{"drawMode":0,"name":"Shaded","section":"Shading Mode"},"sceneLighting":false,"audioPlay":false,"sceneViewState":{"showFog":true,"showMaterialUpdate":false,"showSkybox":false,"showFlares":true,"showImageEffects":true,"showParticleSystems":true},"in2DMode":false,"pivot":{"x":14.21112060546875,"y":0.386871337890625,"z":-8.1837158203125},"rotation":{"x":0.03373415395617485,"y":-0.9638082981109619,"z":0.21876725554466248,"w":0.14863820374011994},"size":0.885355532169342,"orthographic":true}