{"cameraMode":{"drawMode":0,"name":"Shaded","section":"Shading Mode"},"sceneLighting":false,"audioPlay":false,"sceneViewState":{"showFog":false,"showMaterialUpdate":false,"showSkybox":false,"showFlares":false,"showImageEffects":false,"showParticleSystems":false},"in2DMode":false,"pivot":{"x":0.21250057220458985,"y":11.230030059814454,"z":-3.408313751220703},"rotation":{"x":0.423617959022522,"y":0.031718045473098758,"z":-0.015084581449627877,"w":0.9052113890647888},"size":56.23992156982422,"orthographic":false}