{"cameraMode":{"drawMode":0,"name":"Shaded","section":"Shading Mode"},"sceneLighting":true,"audioPlay":false,"sceneViewState":{"showFog":true,"showMaterialUpdate":true,"showSkybox":true,"showFlares":true,"showImageEffects":true,"showParticleSystems":true},"in2DMode":false,"pivot":{"x":465.75506591796877,"y":-133.9511260986328,"z":407.1970520019531},"rotation":{"x":0.23797431588172913,"y":0.6382957100868225,"z":-0.2179282009601593,"w":0.6991583108901978},"size":326.1880187988281,"orthographic":false}