{"cameraMode":{"drawMode":0,"name":"Shaded","section":"Shading Mode"},"sceneLighting":false,"audioPlay":false,"sceneViewState":{"showFog":true,"showMaterialUpdate":false,"showSkybox":false,"showFlares":true,"showImageEffects":true,"showParticleSystems":true},"in2DMode":false,"pivot":{"x":14.696920394897461,"y":0.47719401121139529,"z":-8.411535263061524},"rotation":{"x":0.10984453558921814,"y":0.8312345743179321,"z":-0.17717257142066956,"w":0.5153704285621643},"size":1.4160796403884888,"orthographic":true}