{"cameraMode":{"drawMode":0,"name":"Shaded","section":"Shading Mode"},"sceneLighting":false,"audioPlay":false,"sceneViewState":{"showFog":false,"showMaterialUpdate":false,"showSkybox":false,"showFlares":false,"showImageEffects":false,"showParticleSystems":false},"in2DMode":false,"pivot":{"x":2.686000108718872,"y":1.053999900817871,"z":0.9989998936653137},"rotation":{"x":0.39066773653030398,"y":-0.5495949387550354,"z":0.3234238922595978,"w":0.663876473903656},"size":6.456608772277832,"orthographic":true}