{"cameraMode":{"drawMode":0,"name":"Shaded","section":"Shading Mode"},"sceneLighting":false,"audioPlay":false,"sceneViewState":{"showFog":false,"showMaterialUpdate":false,"showSkybox":false,"showFlares":false,"showImageEffects":false,"showParticleSystems":false},"in2DMode":false,"pivot":{"x":0.6052930355072022,"y":0.8911821842193604,"z":-0.15473628044128419},"rotation":{"x":0.170986607670784,"y":-0.6378759741783142,"z":0.14831124246120454,"w":0.736213207244873},"size":11.906754493713379,"orthographic":false}