{"cameraMode":{"drawMode":0,"name":"Shaded","section":"Shading Mode"},"sceneLighting":false,"audioPlay":false,"sceneViewState":{"showFog":false,"showMaterialUpdate":false,"showSkybox":false,"showFlares":false,"showImageEffects":false,"showParticleSystems":false},"in2DMode":false,"pivot":{"x":2.9227941036224367,"y":0.8545131683349609,"z":-0.5298502445220947},"rotation":{"x":0.06292589008808136,"y":0.03203333169221878,"z":-0.002020837739109993,"w":0.9975027441978455},"size":2.8578836917877199,"orthographic":true}