{"cameraMode":{"drawMode":0,"name":"Shaded","section":"Shading Mode"},"sceneLighting":false,"audioPlay":false,"sceneViewState":{"showFog":false,"showMaterialUpdate":false,"showSkybox":false,"showFlares":false,"showImageEffects":false,"showParticleSystems":false},"in2DMode":false,"pivot":{"x":14.338749885559082,"y":0.3380091190338135,"z":-8.386399269104004},"rotation":{"x":0.0747397169470787,"y":-0.883807361125946,"z":0.15123315155506135,"w":0.43645498156547549},"size":1.5923302173614503,"orthographic":false}