{"cameraMode":{"drawMode":0,"name":"Shaded","section":"Shading Mode"},"sceneLighting":false,"audioPlay":false,"sceneViewState":{"showFog":true,"showMaterialUpdate":false,"showSkybox":false,"showFlares":true,"showImageEffects":true,"showParticleSystems":true},"in2DMode":false,"pivot":{"x":-0.1239008903503418,"y":0.13426578044891358,"z":0.15984749794006349},"rotation":{"x":-0.22213393449783326,"y":0.5844843983650208,"z":-0.1704845279455185,"w":-0.7615588307380676},"size":6.801397800445557,"orthographic":false}