{"cameraMode":{"drawMode":0,"name":"Shaded","section":"Shading Mode"},"sceneLighting":false,"audioPlay":false,"sceneViewState":{"showFog":false,"showMaterialUpdate":false,"showSkybox":false,"showFlares":false,"showImageEffects":false,"showParticleSystems":false},"in2DMode":false,"pivot":{"x":1.683049201965332,"y":1.2905676364898682,"z":-0.9696149826049805},"rotation":{"x":0.10731658339500427,"y":0.8885514140129089,"z":-0.26734766364097597,"w":0.35717687010765078},"size":7.201663970947266,"orthographic":false}