{"cameraMode":{"drawMode":0,"name":"Shaded","section":"Shading Mode"},"sceneLighting":true,"audioPlay":false,"sceneViewState":{"showFog":false,"showMaterialUpdate":false,"showSkybox":false,"showFlares":false,"showImageEffects":false,"showParticleSystems":false},"in2DMode":false,"pivot":{"x":0.6564475893974304,"y":-0.11701889336109162,"z":-0.9793907403945923},"rotation":{"x":0.17981930077075959,"y":-0.160922572016716,"z":0.029818827286362649,"w":0.9700005650520325},"size":1.5373060703277588,"orthographic":true}