{"cameraMode":{"drawMode":0,"name":"Shaded","section":"Shading Mode"},"sceneLighting":false,"audioPlay":false,"sceneViewState":{"showFog":false,"showMaterialUpdate":false,"showSkybox":false,"showFlares":false,"showImageEffects":false,"showParticleSystems":false},"in2DMode":false,"pivot":{"x":0.20367431640625,"y":1.8153786659240723,"z":0.5327713489532471},"rotation":{"x":0.02113642916083336,"y":-0.9778844714164734,"z":0.1700599044561386,"w":0.1202806755900383},"size":2.174104928970337,"orthographic":false}