{"cameraMode":{"drawMode":0,"name":"Shaded","section":"Shading Mode"},"sceneLighting":false,"audioPlay":false,"sceneViewState":{"showFog":false,"showMaterialUpdate":false,"showSkybox":false,"showFlares":false,"showImageEffects":false,"showParticleSystems":false},"in2DMode":false,"pivot":{"x":0.5360150337219238,"y":0.20834282040596009,"z":1.463202953338623},"rotation":{"x":0.14626093208789826,"y":-0.44893878698349,"z":0.0747472420334816,"w":0.8783479928970337},"size":4.4578046798706059,"orthographic":true}