{"cameraMode":{"drawMode":0,"name":"Shaded","section":"Shading Mode"},"sceneLighting":false,"audioPlay":false,"sceneViewState":{"showFog":false,"showMaterialUpdate":false,"showSkybox":false,"showFlares":false,"showImageEffects":false,"showParticleSystems":false},"in2DMode":false,"pivot":{"x":-0.37500375509262087,"y":5.599999904632568,"z":-0.15000349283218385},"rotation":{"x":0.13182762265205384,"y":-0.7575742602348328,"z":0.16113658249378205,"w":0.6187573075294495},"size":2.847296953201294,"orthographic":true}