{"cameraMode":{"drawMode":0,"name":"Shaded","section":"Shading Mode"},"sceneLighting":false,"audioPlay":false,"sceneViewState":{"showFog":true,"showMaterialUpdate":false,"showSkybox":false,"showFlares":true,"showImageEffects":true,"showParticleSystems":true},"in2DMode":false,"pivot":{"x":-0.11338579654693604,"y":1.470555067062378,"z":1.9044246673583985},"rotation":{"x":0.14387597143650056,"y":0.12227577716112137,"z":-0.017917124554514886,"w":0.9818505048751831},"size":7.960822105407715,"orthographic":true}