{"cameraMode":{"drawMode":0,"name":"Shaded","section":"Shading Mode"},"sceneLighting":false,"audioPlay":false,"sceneViewState":{"showFog":true,"showMaterialUpdate":false,"showSkybox":true,"showFlares":true,"showImageEffects":true,"showParticleSystems":true},"in2DMode":false,"pivot":{"x":15.218780517578125,"y":0.6302371025085449,"z":-22.090755462646486},"rotation":{"x":-0.3502439856529236,"y":-0.33883586525917055,"z":0.13762620091438294,"w":-0.8623204827308655},"size":12.484941482543946,"orthographic":false}