{"cameraMode":{"drawMode":0,"name":"Shaded","section":"Shading Mode"},"sceneLighting":true,"audioPlay":false,"sceneViewState":{"showFog":false,"showMaterialUpdate":false,"showSkybox":false,"showFlares":false,"showImageEffects":false,"showParticleSystems":false},"in2DMode":false,"pivot":{"x":0.20566406846046449,"y":0.7495485544204712,"z":0.9558354616165161},"rotation":{"x":0.11709664016962052,"y":-0.8491931557655335,"z":0.21186687052249909,"w":0.4693430960178375},"size":2.775378704071045,"orthographic":true}