{"cameraMode":{"drawMode":0,"name":"Shaded","section":"Shading Mode"},"sceneLighting":false,"audioPlay":false,"sceneViewState":{"showFog":false,"showMaterialUpdate":false,"showSkybox":false,"showFlares":false,"showImageEffects":false,"showParticleSystems":false},"in2DMode":false,"pivot":{"x":16.337568283081056,"y":0.9987375736236572,"z":-4.000739574432373},"rotation":{"x":0.03564774990081787,"y":0.8459693193435669,"z":0.05689873918890953,"w":-0.5290924310684204},"size":6.101777076721191,"orthographic":false}